{"initial_reset_timestamp": 1565349612.8536675, "timestamps": [1565349617.1632714], "episode_lengths": [605], "episode_rewards": [210.0], "episode_types": ["t"]}